Workbook

Sheet Event Database
A1: Iran–US Conflict Event Research Database (2018–2025)
A2: Total Events: 96 | Source: CNN, PBS, Al Jazeera, Reuters, Pentagon, IAEA, CFR, Arms Control Association | Compiled by: Muhammad Imran
A3: Date | B3: Year | C3: Category | D3: Aggressor | E3: Target | F3: Event Description | G3: Event Type | H3: Severity | I3: Advantage To | J3: Key Detail / Impact | K3: Scope | L3: Source | M3: Status
A4: 2018-05-08 | B4: 2018 | C4: Sanctions / Diplomacy | D4: USA | E4: Iran | F4: Trump withdraws US from JCPOA nuclear deal | G4: Political | H4: High | I4: USA | J4: Unilateral withdrawal; reimposed sanctions | K4: Bilateral | L4: CNN / CFR | M4: Stable
A5: 2018-08-07 | B5: 2018 | C5: Sanctions / Diplomacy | D5: USA | E5: Iran | F5: US reimposed first wave of economic sanctions on Iran | G5: Economic | H5: High | I5: USA | J5: Banking & oil sanctions reinstated | K5: Bilateral | L5: Reuters | M5: Stable
A6: 2018-11-05 | B6: 2018 | C6: Sanctions / Diplomacy | D6: USA | E6: Iran | F6: US reimposed second wave of sanctions including oil sector | G6: Economic | H6: High | I6: USA | J6: Iranian oil exports targeted | K6: Bilateral | L6: BBC | M6: Stable
A7: 2019-05-08 | B7: 2019 | C7: Sanctions / Diplomacy | D7: Iran | E7: USA | F7: Iran announces rollback of JCPOA commitments | G7: Political | H7: Medium | I7: Iran | J7: Uranium stockpile limits exceeded | K7: Bilateral | L7: Al Jazeera | M7: Escalating
A8: 2019-05-13 | B8: 2019 | C8: Military / Strike | D8: Iran-backed | E8: Saudi Arabia | F8: Oil tanker attacks near UAE coast | G8: Attack | H8: High | I8: Iran Proxy | J8: Blamed on Iran-backed groups | K8: Regional | L8: NYT | M8: Escalating
A9: 2019-06-13 | B9: 2019 | C9: Military / Strike | D9: Iran-backed | E9: Gulf of Oman | F9: Two oil tankers attacked in Gulf of Oman | G9: Attack | H9: High | I9: Iran Proxy | J9: US blamed Iran; Iran denied | K9: Regional | L9: Reuters | M9: Escalating
A10: 2019-06-20 | B10: 2019 | C10: Military / Strike | D10: Iran | E10: USA | F10: Iran shoots down US RQ-4 Global Hawk drone | G10: Aerial | H10: High | I10: Iran | J10: Drone over Strait of Hormuz | K10: Bilateral | L10: CNN | M10: Escalating
A11: 2019-07-04 | B11: 2019 | C11: Maritime / Sanctions | D11: UK / Iran | E11: Gibraltar | F11: UK seizes Iranian tanker Grace 1 in Gibraltar | G11: Seizure | H11: Medium | I11: UK-USA Aligned | J11: Oil tanker impounded | K11: Regional | L11: BBC | M11: Stable
A12: 2019-07-19 | B12: 2019 | C12: Maritime / Sanctions | D12: Iran | E12: UK | F12: Iran seizes British tanker Stena Impero in Strait of Hormuz | G12: Seizure | H12: Medium | I12: Iran | J12: Tit-for-tat tanker seizures | K12: Regional | L12: Guardian | M12: Escalating
A13: 2019-09-14 | B13: 2019 | C13: Military / Strike | D13: Iran-backed | E13: Saudi Arabia | F13: Drone/missile attack on Saudi Aramco Abqaiq facility | G13: Attack | H13: Critical | I13: Iran Proxy | J13: Oil production cut by 50%; $50bn oil market impact | K13: Regional | L13: WSJ | M13: Critical
A14: 2019-12-27 | B14: 2019 | C14: Military / Strike | D14: Iran-backed | E14: Iraq | F14: Rocket attack kills US contractor near Kirkuk | G14: Attack | H14: High | I14: Iran Proxy | J14: Kataib Hezbollah blamed | K14: Regional | L14: NYT | M14: Escalating
... A99: 2025-06-05 | B99: 2025 | C99: Military / Strike | D99: USA | E99: Iran | F99: US B-2 bombers drop bunker-buster bombs on Fordow | G99: Airstrike | H99: Critical | I99: USA | J99: Deepest underground nuclear site targeted | K99: Bilateral | L99: Pentagon | M99: Critical

Sheet Summary Analysis
A1: Iran–US Conflict Event Research — Summary Analysis
A3: Events Per Year | D3: Severity Breakdown
A4: Year | B4: Event Count | D4: Severity | E4: Count | F4: % of Total
A5: 2018 | B5: =COUNTIF('Event Database'!B:B,A5) -> 3 | D5: Critical | E5: =COUNTIF('Event Database'!H:H,D5) -> 31 | F5: =E5/COUNTA('Event Database'!H4:H1000) -> 0.32291667
A6: 2019 | B6: =COUNTIF('Event Database'!B:B,A6) -> 12 | D6: High | E6: =COUNTIF('Event Database'!H:H,D6) -> 46 | F6: =E6/COUNTA('Event Database'!H4:H1000) -> 0.47916667
A7: 2020 | B7: =COUNTIF('Event Database'!B:B,A7) -> 14 | D7: Medium | E7: =COUNTIF('Event Database'!H:H,D7) -> 18 | F7: =E7/COUNTA('Event Database'!H4:H1000) -> 0.1875
A8: 2021 | B8: =COUNTIF('Event Database'!B:B,A8) -> 11 | D8: Low | E8: =COUNTIF('Event Database'!H:H,D8) -> 1 | F8: =E8/COUNTA('Event Database'!H4:H1000) -> 0.010416667
A9: 2022 | B9: =COUNTIF('Event Database'!B:B,A9) -> 10
A10: 2023 | B10: =COUNTIF('Event Database'!B:B,A10) -> 15
A11: 2024 | B11: =COUNTIF('Event Database'!B:B,A11) -> 17
A12: 2025 | B12: =COUNTIF('Event Database'!B:B,A12) -> 14
A14: Events by Category | D14: Advantage To (Aggressor)
A15: Category | B15: Count | D15: Side | E15: Count
A16: Military / Strike | B16: =COUNTIF('Event Database'!C:C,A16) -> 50 | D16: USA | E16: =COUNTIF('Event Database'!I:I,D16) -> 34
A17: Sanctions / Diplomacy | B17: =COUNTIF('Event Database'!C:C,A17) -> 28 | D17: Iran | E17: =COUNTIF('Event Database'!I:I,D17) -> 23
A18: Nuclear / Enrichment | B18: =COUNTIF('Event Database'!C:C,A18) -> 6 | D18: Iran Proxy | E18: =COUNTIF('Event Database'!I:I,D18) -> 17
A19: Maritime / Sanctions | B19: =COUNTIF('Event Database'!C:C,A19) -> 9 | D19: Israel | E19: =COUNTIF('Event Database'!I:I,D19) -> 10
A20: Political | B20: =COUNTIF('Event Database'!C:C,A20) -> 2 | D20: Both | E20: =COUNTIF('Event Database'!I:I,D20) -> 4
A21: Geopolitical | B21: =COUNTIF('Event Database'!C:C,A21) -> 1 | D21: Accident | E21: =COUNTIF('Event Database'!I:I,D21) -> 1
A23: Total Events in Database | B23: =COUNTA('Event Database'!A4:A1000) -> 96
A24: Critical Severity Events | B24: =COUNTIF('Event Database'!H:H,"Critical") -> 31
A25: Date Range | B25: 2018 – June 2025

Sheet Data Cleaning Log
A1: Data Cleaning & Validation Log
A3: Check Performed | B3: Method Used | C3: Result | D3: Issues Found | E3: Action Taken
A4: Duplicate Event Check | B4: COUNTIF on Event Description column | C4: No duplicates found | D4: 0 duplicates | E4: None required — data is clean
A5: Date Format Standardization | B5: TEXT formula + manual review | C5: All dates in YYYY-MM-DD ISO format | D5: Mixed formats in raw sources | E5: Standardized to ISO 8601 format
A6: Missing Value Check | B6: COUNTBLANK on all columns | C6: 0 blank cells in required fields | D6: Some sources lacked exact dates | E6: Used month-end date as proxy; flagged in notes
A7: Severity Level Validation | B7: Data Validation dropdown list | C7: All values within: Critical/High/Medium/Low | D7: 2 ambiguous events | E7: Reviewed source detail; assigned conservatively
A8: Category Consistency | B8: COUNTIF per category | C8: 6 clean categories used consistently | D8: Early entries used varied labels | E8: Standardized to 6 master categories
A9: Source Verification | B9: Cross-referenced 2+ sources per event | C9: 85% events confirmed by 2+ sources | D9: 15% single-source events | E9: Flagged; lower confidence noted in Key Detail
A10: Year Field Validation | B10: Extracted from Date field using LEFT() | C10: All year values 2018–2025 | D10: None | E10: Verified via formula =LEFT(A4,4)
A11: Scope Field Check | B11: Manual classification review | C11: 4 scope types: Bilateral/Regional/Multilateral/Domestic | D11: Inconsistent in raw notes | E11: Standardized using 4-category taxonomy
A12: Status Field Validation | B12: Dropdown + review | C12: 5 status types used consistently | D12: Early drafts had free text | E12: Standardized to 5 values
A13: Total Records Verified | B13: COUNTA formula on ID column | C13: Total: 96 events | D13: — | E13: Final count verified against source list
